{"loss": [2.2860724925994873, 1.9608951807022095, 1.5417745113372803, 1.3466429710388184, 1.0051651000976562, 0.8597208857536316, 0.6911334991455078, 0.6292901039123535, 0.5429316163063049, 0.48374301195144653, 0.35595977306365967, 0.3902417719364166, 0.32913336157798767, 0.3035392165184021, 0.33115413784980774, 0.29428938031196594, 0.20819485187530518, 0.26297131180763245, 0.21268081665039062, 0.22470037639141083, 0.204393669962883, 0.17203612625598907, 0.20605549216270447, 0.25456902384757996, 0.2544699013233185, 0.18820588290691376, 0.20639008283615112, 0.20326320827007294, 0.16870170831680298, 0.19965501129627228, 0.19778281450271606, 0.22750583291053772], "accuracy": [0.3513166308403015, 0.43416827917099, 0.5536288022994995, 0.5905587673187256, 0.7016698718070984, 0.7501605749130249, 0.7960821986198425, 0.8159922957420349, 0.8442517518997192, 0.8590237498283386, 0.8866409659385681, 0.8921002149581909, 0.9062299132347107, 0.9158638119697571, 0.9020552635192871, 0.918432891368866, 0.9386640787124634, 0.9232498407363892, 0.9367372989654541, 0.9409120082855225, 0.9415542483329773, 0.9521515965461731, 0.944765567779541, 0.9319203495979309, 0.929030179977417, 0.9434810280799866, 0.9470134973526001, 0.9476557374000549, 0.9556840062141418, 0.9434810280799866, 0.9470134973526001, 0.93416827917099], "val_loss": [1.277301549911499, 0.9535055756568909, 0.6100588440895081, 0.5063385963439941, 0.4193301796913147, 0.4241645932197571, 0.3128178119659424, 0.4872438311576843, 0.27876022458076477, 0.287153959274292, 0.31682533025741577, 0.3237482011318207, 0.2847714424133301, 0.3117552399635315, 0.29229018092155457, 0.27788567543029785, 0.328427255153656, 0.28313547372817993, 0.2683744430541992, 0.3092401325702667, 0.283188134431839, 0.2853907346725464, 0.23908266425132751, 0.3021881580352783, 0.2545274496078491, 0.30006182193756104, 0.2710210978984833, 0.24269548058509827, 0.3016578257083893, 0.23832516372203827, 0.3341485559940338, 0.3332388699054718], "val_accuracy": [0.7720797657966614, 0.8547008633613586, 0.8860399127006531, 0.8945869207382202, 0.934472918510437, 0.9230769276618958, 0.9515669345855713, 0.8974359035491943, 0.9601139426231384, 0.9572649598121643, 0.9572649598121643, 0.9629629850387573, 0.9629629850387573, 0.9572649598121643, 0.9572649598121643, 0.9601139426231384, 0.9601139426231384, 0.9629629850387573, 0.9629629850387573, 0.9601139426231384, 0.9658119678497314, 0.9629629850387573, 0.9629629850387573, 0.9487179517745972, 0.9544159770011902, 0.9629629850387573, 0.9601139426231384, 0.9601139426231384, 0.9572649598121643, 0.9601139426231384, 0.9515669345855713, 0.9544159770011902]}